[
  {
    "oui": "20:CE:2A",
    "isPrivate": false,
    "companyName": "Ieee Registration Authority",
    "companyAddress": "445 Hoes Lane Piscataway NJ 08554 US",
    "countryCode": "US",
    "assignmentBlockSize": "MA-L",
    "dateCreated": "2021-02-11",
    "dateUpdated": "2021-02-11"
  },
  {
    "oui": "8C:1F:64:27:0",
    "isPrivate": false,
    "companyName": "Xi‘an Hangguang Satellite and Control Tech Co, Ltd",
    "companyAddress": "Hi-tech Industrial Park Zaozitai Road No.10,Chang’an, Xi’an, Shaanxi China Xi’an 710075 CN",
    "countryCode": "CN",
    "assignmentBlockSize": "MA-S",
    "dateCreated": "2021-04-08",
    "dateUpdated": "2021-04-08"
  },
  {
    "oui": "00:21:E3",
    "isPrivate": false,
    "companyName": "SerialTek Llc",
    "companyAddress": "1570 Oakland Road San Jose CA 95131 US",
    "countryCode": "US",
    "assignmentBlockSize": "MA-L",
    "dateCreated": "2008-10-25",
    "dateUpdated": "2015-09-27"
  },
  {
    "oui": "E4:90:7E",
    "isPrivate": false,
    "companyName": "Motorola Mobility Llc, a Lenovo Co",
    "companyAddress": "222 West Merchandise Mart Plaza Chicago IL 60654 US",
    "countryCode": "US",
    "assignmentBlockSize": "MA-L",
    "dateCreated": "2015-02-19",
    "dateUpdated": "2015-09-27"
  }
]
